name,year,type,value,unit,full_name,text
year,,i,2011,,Weather year,"Only the years 2011, 2012, 2013, 2014 are available (until we get a bigger hard-drive)"
version,,i,190929,,Version,
cf_exponent,,f,2,,Capacity factor exponent for spatial distribution of wind and solar,"If exponent is 0 generators are distributed evenly across the region, if it is 1 they are distributed proportional to capacity factor, if it is x they are distributed proportional to (capacity factor)^x"
location,,s,country:DE,,Location,Select from map above.
location_name,,s,Germany,,Location name,
job_type,,s,None,,,
frequency,,i,3,,Sampling frequency for weather time-series,"n-hourly, n<3 is very slow, big n solves faster (n=25 or n=49 give fast and relatively accurate results)"
load,,f,100,MW,Constant electricity demand,Demand should be large enough for utility-scale assets but small enough to neglect land availability constraints
hydrogen_load,,f,0,MW-H2-LHV,Constant hydrogen demand,
methanol_load,,f,0,MW-MeOH-LHV,Constant methanol demand,
wind_max,,f,1e7,MWp,Wind maximum capacity allowed,
wind_min,,f,0,MWp,Wind minimum capacity allowed,
dispatchable1_cost,2020,f,441.6,EUR/kW,Dispatchable technology 1 capital cost (overnight),
dispatchable1_cost,2030,f,441.6,EUR/kW,Dispatchable technology 1 capital cost (overnight),
dispatchable1_cost,2050,f,441.6,EUR/kW,Dispatchable technology 1 capital cost (overnight),
dispatchable1_marginal_cost,2020,f,50,EUR/MWhel,Dispatchable technology 1 marginal cost (including fuel and VOM),
dispatchable1_marginal_cost,2030,f,50,EUR/MWhel,Dispatchable technology 1 marginal cost (including fuel and VOM),
dispatchable1_marginal_cost,2050,f,50,EUR/MWhel,Dispatchable technology 1 marginal cost (including fuel and VOM),
dispatchable1_emissions,2020,f,500,gCO2eq/kWhel,Dispatchable technology 1 emissions factor,
dispatchable1_emissions,2030,f,500,gCO2eq/kWhel,Dispatchable technology 1 emissions factor,
dispatchable1_emissions,2050,f,500,gCO2eq/kWhel,Dispatchable technology 1 emissions factor,
dispatchable1_fom,2020,f,3,percent of overnight cost per year,Dispatchable technology 1 fixed operation and maintenance costs,
dispatchable1_fom,2030,f,3,percent of overnight cost per year,Dispatchable technology 1 fixed operation and maintenance costs,
dispatchable1_fom,2050,f,3,percent of overnight cost per year,Dispatchable technology 1 fixed operation and maintenance costs,
dispatchable1_lifetime,2020,f,25,years,Dispatchable technology 1 lifetime,
dispatchable1_lifetime,2030,f,25,years,Dispatchable technology 1 lifetime,
dispatchable1_lifetime,2050,f,25,years,Dispatchable technology 1 lifetime,
dispatchable2_cost,2020,f,6624.5,EUR/kW,Dispatchable technology 2 capital cost (overnight),
dispatchable2_cost,2030,f,6624.5,EUR/kW,Dispatchable technology 2 capital cost (overnight),
dispatchable2_cost,2050,f,6624.5,EUR/kW,Dispatchable technology 2 capital cost (overnight),
dispatchable2_marginal_cost,2020,f,10,EUR/MWhel,Dispatchable technology 2 marginal cost (including fuel and VOM),
dispatchable2_marginal_cost,2030,f,10,EUR/MWhel,Dispatchable technology 2 marginal cost (including fuel and VOM),
dispatchable2_marginal_cost,2050,f,10,EUR/MWhel,Dispatchable technology 2 marginal cost (including fuel and VOM),
dispatchable2_emissions,2020,f,0,gCO2eq/kWhel,Dispatchable technology 2 emissions factor,
dispatchable2_emissions,2030,f,0,gCO2eq/kWhel,Dispatchable technology 2 emissions factor,
dispatchable2_emissions,2050,f,0,gCO2eq/kWhel,Dispatchable technology 2 emissions factor,
dispatchable2_fom,2020,f,3,percent of overnight cost per year,Dispatchable technology 2 fixed operation and maintenance costs,
dispatchable2_fom,2030,f,3,percent of overnight cost per year,Dispatchable technology 2 fixed operation and maintenance costs,
dispatchable2_fom,2050,f,3,percent of overnight cost per year,Dispatchable technology 2 fixed operation and maintenance costs,
dispatchable2_lifetime,2020,f,25,years,Dispatchable technology 2 lifetime,
dispatchable2_lifetime,2030,f,25,years,Dispatchable technology 2 lifetime,
dispatchable2_lifetime,2050,f,25,years,Dispatchable technology 2 lifetime,
solar_max,,f,1e7,MWp,Solar maximum capacity allowed,
solar_min,,f,0,MWp,Solar minimum capacity allowed,
wind_discount,,f,5,percent,Onshore wind turbine discount rate,
solar_discount,,f,5,percent,Utility-scale solar PV discount rate,
battery_energy_discount,,f,5,percent,Utility-scale battery energy discount rate,
battery_power_discount,,f,5,percent,Utility-scale battery converter power discount rate,
hydrogen_energy_discount,,f,5,percent,Hydrogen underground salt cavern storage discount rate,
hydrogen_electrolyser_discount,,f,5,percent,Hydrogen electrolyser discount rate,
dispatchable1_discount,,f,10,percent,Dispatchable technology 1 discount rate,
dispatchable2_discount,,f,10,percent,Dispatchable technology 2 discount rate,
wind,,b,True,,Onshore wind turbine,
solar,,b,True,,Utility-scale solar PV,
battery,,b,True,,Utility-scale battery storage,
hydrogen,,b,True,,Hydrogen gas storage,
methanol,,b,False,,Methanol storage (methanolisation for PtMeOH then Allam cycle for MeOHtP),
reformer,,b,False,,Steam methanol reformer,
biogenic_co2,,b,False,,CO2 from biomass,
biogenic_co2_price,,f,50,EUR/tCO2,Price of CO2 from biomass,
voll,,b,False,,Activate Value of Lost Load,
voll_price,,f,2000,EUR/tMWh,Value of Lost Load,
elastic,,b,False,,Elastic demand,
elastic_intercept,,f,2000,EUR/tMWh,Price at which load vanishes,
dispatchable1,,b,False,,Include dispatchable technology 1,Default assumption is based on open cycle natural gas turbine (OCGT)
dispatchable2,,b,False,,Include dispatchable technology 2,Default assumption is based on new nuclear EPR reactor in Europe
co2_limit,,b,False,,Limit on CO2 emissions,
co2_emissions,,f,0.0,gCO2eq/kWhel,Maximum average system emissions,
methanolisation_min_part_load,,f,50.0,percent,Methanol synthesis minimum part load,Private discussions.
ccgt,,b,False,,include CCGT,
ocgt,,b,False,,include OCGT,
wind_cost,2020,f,1235.2,EUR/kW,Onshore wind turbine capital cost (overnight),"Danish Energy Agency, technology_data_for_el_and_dh.xlsx"
wind_fom,2020,f,1.25,percent of overnight cost per year,Onshore wind turbine fixed operation and maintenance costs,"Danish Energy Agency, technology_data_for_el_and_dh.xlsx"
wind_lifetime,2020,f,27.0,years,Onshore wind turbine lifetime,"Danish Energy Agency, technology_data_for_el_and_dh.xlsx"
wind_cost,2030,f,1143.3,EUR/kW,Onshore wind turbine capital cost (overnight),"Danish Energy Agency, technology_data_for_el_and_dh.xlsx"
wind_fom,2030,f,1.22,percent of overnight cost per year,Onshore wind turbine fixed operation and maintenance costs,"Danish Energy Agency, technology_data_for_el_and_dh.xlsx"
wind_lifetime,2030,f,30.0,years,Onshore wind turbine lifetime,"Danish Energy Agency, technology_data_for_el_and_dh.xlsx"
wind_cost,2040,f,1079.3,EUR/kW,Onshore wind turbine capital cost (overnight),"Danish Energy Agency, technology_data_for_el_and_dh.xlsx"
wind_fom,2040,f,1.19,percent of overnight cost per year,Onshore wind turbine fixed operation and maintenance costs,"Danish Energy Agency, technology_data_for_el_and_dh.xlsx"
wind_lifetime,2040,f,30.0,years,Onshore wind turbine lifetime,"Danish Energy Agency, technology_data_for_el_and_dh.xlsx"
wind_cost,2050,f,1063.3,EUR/kW,Onshore wind turbine capital cost (overnight),"Danish Energy Agency, technology_data_for_el_and_dh.xlsx"
wind_fom,2050,f,1.18,percent of overnight cost per year,Onshore wind turbine fixed operation and maintenance costs,"Danish Energy Agency, technology_data_for_el_and_dh.xlsx"
wind_lifetime,2050,f,30.0,years,Onshore wind turbine lifetime,"Danish Energy Agency, technology_data_for_el_and_dh.xlsx"
solar_cost,2020,f,562.5,EUR/kW_e,Utility-scale solar PV capital cost (overnight),"Danish Energy Agency, technology_data_for_el_and_dh.xlsx"
solar_fom,2020,f,2.01,percent of overnight cost per year,Utility-scale solar PV fixed operation and maintenance costs,"Danish Energy Agency, technology_data_for_el_and_dh.xlsx"
solar_lifetime,2020,f,35.0,years,Utility-scale solar PV lifetime,"Danish Energy Agency, technology_data_for_el_and_dh.xlsx"
solar_cost,2030,f,383.7,EUR/kW_e,Utility-scale solar PV capital cost (overnight),"Danish Energy Agency, technology_data_for_el_and_dh.xlsx"
solar_fom,2030,f,2.48,percent of overnight cost per year,Utility-scale solar PV fixed operation and maintenance costs,"Danish Energy Agency, technology_data_for_el_and_dh.xlsx"
solar_lifetime,2030,f,40.0,years,Utility-scale solar PV lifetime,"Danish Energy Agency, technology_data_for_el_and_dh.xlsx"
solar_cost,2040,f,320.8,EUR/kW_e,Utility-scale solar PV capital cost (overnight),"Danish Energy Agency, technology_data_for_el_and_dh.xlsx"
solar_fom,2040,f,2.52,percent of overnight cost per year,Utility-scale solar PV fixed operation and maintenance costs,"Danish Energy Agency, technology_data_for_el_and_dh.xlsx"
solar_lifetime,2040,f,40.0,years,Utility-scale solar PV lifetime,"Danish Energy Agency, technology_data_for_el_and_dh.xlsx"
solar_cost,2050,f,292.6,EUR/kW_e,Utility-scale solar PV capital cost (overnight),"Danish Energy Agency, technology_data_for_el_and_dh.xlsx"
solar_fom,2050,f,2.53,percent of overnight cost per year,Utility-scale solar PV fixed operation and maintenance costs,"Danish Energy Agency, technology_data_for_el_and_dh.xlsx"
solar_lifetime,2050,f,40.0,years,Utility-scale solar PV lifetime,"Danish Energy Agency, technology_data_for_el_and_dh.xlsx"
hydrogen_electrolyser_cost,2020,f,717.7,EUR/kW_e,Hydrogen electrolyser capital cost (overnight),"Danish Energy Agency, data_sheets_for_renewable_fuels.xlsx"
hydrogen_electrolyser_fom,2020,f,2.0,percent of overnight cost per year,Hydrogen electrolyser fixed operation and maintenance costs,"Danish Energy Agency, data_sheets_for_renewable_fuels.xlsx"
hydrogen_electrolyser_lifetime,2020,f,25.0,years,Hydrogen electrolyser lifetime,"Danish Energy Agency, data_sheets_for_renewable_fuels.xlsx"
hydrogen_electrolyser_cost,2030,f,496.8,EUR/kW_e,Hydrogen electrolyser capital cost (overnight),"Danish Energy Agency, data_sheets_for_renewable_fuels.xlsx"
hydrogen_electrolyser_fom,2030,f,2.0,percent of overnight cost per year,Hydrogen electrolyser fixed operation and maintenance costs,"Danish Energy Agency, data_sheets_for_renewable_fuels.xlsx"
hydrogen_electrolyser_lifetime,2030,f,30.0,years,Hydrogen electrolyser lifetime,"Danish Energy Agency, data_sheets_for_renewable_fuels.xlsx"
hydrogen_electrolyser_cost,2040,f,331.2,EUR/kW_e,Hydrogen electrolyser capital cost (overnight),"Danish Energy Agency, data_sheets_for_renewable_fuels.xlsx"
hydrogen_electrolyser_fom,2040,f,2.0,percent of overnight cost per year,Hydrogen electrolyser fixed operation and maintenance costs,"Danish Energy Agency, data_sheets_for_renewable_fuels.xlsx"
hydrogen_electrolyser_lifetime,2040,f,32.0,years,Hydrogen electrolyser lifetime,"Danish Energy Agency, data_sheets_for_renewable_fuels.xlsx"
hydrogen_electrolyser_cost,2050,f,276.0,EUR/kW_e,Hydrogen electrolyser capital cost (overnight),"Danish Energy Agency, data_sheets_for_renewable_fuels.xlsx"
hydrogen_electrolyser_fom,2050,f,2.0,percent of overnight cost per year,Hydrogen electrolyser fixed operation and maintenance costs,"Danish Energy Agency, data_sheets_for_renewable_fuels.xlsx"
hydrogen_electrolyser_lifetime,2050,f,35.0,years,Hydrogen electrolyser lifetime,"Danish Energy Agency, data_sheets_for_renewable_fuels.xlsx"
desalination_discount,,f,5,percent,Seawater desalination discount rate,
desalination_cost,2020,f,44405.9,EUR/(m^3-H2O/h),Seawater desalination capital cost (overnight),"Caldera et al 2017: Learning Curve for Seawater Reverse Osmosis Desalination Plants: Capital Cost Trend of the Past, Present, and Future (https://doi.org/10.1002/2017WR021402), Table 4."
desalination_fom,2020,f,4.0,percent of overnight cost per year,Seawater desalination fixed operation and maintenance costs,"Caldera et al 2016: Local cost of seawater RO desalination based on solar PV and windenergy: A global estimate. (https://doi.org/10.1016/j.desal.2016.02.004), Table 1."
desalination_lifetime,2020,f,30.0,years,Seawater desalination lifetime,"Caldera et al 2016: Local cost of seawater RO desalination based on solar PV and windenergy: A global estimate. (https://doi.org/10.1016/j.desal.2016.02.004), Table 1."
desalination_cost,2030,f,36304.4,EUR/(m^3-H2O/h),Seawater desalination capital cost (overnight),"Caldera et al 2017: Learning Curve for Seawater Reverse Osmosis Desalination Plants: Capital Cost Trend of the Past, Present, and Future (https://doi.org/10.1002/2017WR021402), Table 4."
desalination_fom,2030,f,4.0,percent of overnight cost per year,Seawater desalination fixed operation and maintenance costs,"Caldera et al 2016: Local cost of seawater RO desalination based on solar PV and windenergy: A global estimate. (https://doi.org/10.1016/j.desal.2016.02.004), Table 1."
desalination_lifetime,2030,f,30.0,years,Seawater desalination lifetime,"Caldera et al 2016: Local cost of seawater RO desalination based on solar PV and windenergy: A global estimate. (https://doi.org/10.1016/j.desal.2016.02.004), Table 1."
desalination_cost,2040,f,29034.5,EUR/(m^3-H2O/h),Seawater desalination capital cost (overnight),"Caldera et al 2017: Learning Curve for Seawater Reverse Osmosis Desalination Plants: Capital Cost Trend of the Past, Present, and Future (https://doi.org/10.1002/2017WR021402), Table 4."
desalination_fom,2040,f,4.0,percent of overnight cost per year,Seawater desalination fixed operation and maintenance costs,"Caldera et al 2016: Local cost of seawater RO desalination based on solar PV and windenergy: A global estimate. (https://doi.org/10.1016/j.desal.2016.02.004), Table 1."
desalination_lifetime,2040,f,30.0,years,Seawater desalination lifetime,"Caldera et al 2016: Local cost of seawater RO desalination based on solar PV and windenergy: A global estimate. (https://doi.org/10.1016/j.desal.2016.02.004), Table 1."
desalination_cost,2050,f,23214.0,EUR/(m^3-H2O/h),Seawater desalination capital cost (overnight),"Caldera et al 2017: Learning Curve for Seawater Reverse Osmosis Desalination Plants: Capital Cost Trend of the Past, Present, and Future (https://doi.org/10.1002/2017WR021402), Table 4."
desalination_fom,2050,f,4.0,percent of overnight cost per year,Seawater desalination fixed operation and maintenance costs,"Caldera et al 2016: Local cost of seawater RO desalination based on solar PV and windenergy: A global estimate. (https://doi.org/10.1016/j.desal.2016.02.004), Table 1."
desalination_lifetime,2050,f,30.0,years,Seawater desalination lifetime,"Caldera et al 2016: Local cost of seawater RO desalination based on solar PV and windenergy: A global estimate. (https://doi.org/10.1016/j.desal.2016.02.004), Table 1."
hydrogen_energy_cost,2020,f,3.3,EUR/kWh,Hydrogen underground salt cavern storage capital cost (overnight),"Danish Energy Agency, technology_data_catalogue_for_energy_storage.xlsx"
hydrogen_energy_fom,2020,f,0.0,percent of overnight cost per year,Hydrogen underground salt cavern storage fixed operation and maintenance costs,"Danish Energy Agency, technology_data_catalogue_for_energy_storage.xlsx"
hydrogen_energy_lifetime,2020,f,100.0,years,Hydrogen underground salt cavern storage lifetime,"Danish Energy Agency, technology_data_catalogue_for_energy_storage.xlsx"
hydrogen_energy_cost,2030,f,2.2,EUR/kWh,Hydrogen underground salt cavern storage capital cost (overnight),"Danish Energy Agency, technology_data_catalogue_for_energy_storage.xlsx"
hydrogen_energy_fom,2030,f,0.0,percent of overnight cost per year,Hydrogen underground salt cavern storage fixed operation and maintenance costs,"Danish Energy Agency, technology_data_catalogue_for_energy_storage.xlsx"
hydrogen_energy_lifetime,2030,f,100.0,years,Hydrogen underground salt cavern storage lifetime,"Danish Energy Agency, technology_data_catalogue_for_energy_storage.xlsx"
hydrogen_energy_cost,2040,f,1.7,EUR/kWh,Hydrogen underground salt cavern storage capital cost (overnight),"Danish Energy Agency, technology_data_catalogue_for_energy_storage.xlsx"
hydrogen_energy_fom,2040,f,0.0,percent of overnight cost per year,Hydrogen underground salt cavern storage fixed operation and maintenance costs,"Danish Energy Agency, technology_data_catalogue_for_energy_storage.xlsx"
hydrogen_energy_lifetime,2040,f,100.0,years,Hydrogen underground salt cavern storage lifetime,"Danish Energy Agency, technology_data_catalogue_for_energy_storage.xlsx"
hydrogen_energy_cost,2050,f,1.3,EUR/kWh,Hydrogen underground salt cavern storage capital cost (overnight),"Danish Energy Agency, technology_data_catalogue_for_energy_storage.xlsx"
hydrogen_energy_fom,2050,f,0.0,percent of overnight cost per year,Hydrogen underground salt cavern storage fixed operation and maintenance costs,"Danish Energy Agency, technology_data_catalogue_for_energy_storage.xlsx"
hydrogen_energy_lifetime,2050,f,100.0,years,Hydrogen underground salt cavern storage lifetime,"Danish Energy Agency, technology_data_catalogue_for_energy_storage.xlsx"
hydrogen_turbine_discount,,f,5,percent,Hydrogen combined cycle turbine discount rate,
hydrogen_turbine_cost,2020,f,971.6,EUR/kW,Hydrogen combined cycle turbine capital cost (overnight),"Danish Energy Agency, technology_data_for_el_and_dh.xlsx"
hydrogen_turbine_fom,2020,f,3.33,percent of overnight cost per year,Hydrogen combined cycle turbine fixed operation and maintenance costs,"Danish Energy Agency, technology_data_for_el_and_dh.xlsx"
hydrogen_turbine_lifetime,2020,f,25.0,years,Hydrogen combined cycle turbine lifetime,"Danish Energy Agency, technology_data_for_el_and_dh.xlsx"
hydrogen_turbine_cost,2030,f,916.4,EUR/kW,Hydrogen combined cycle turbine capital cost (overnight),"Danish Energy Agency, technology_data_for_el_and_dh.xlsx"
hydrogen_turbine_fom,2030,f,3.35,percent of overnight cost per year,Hydrogen combined cycle turbine fixed operation and maintenance costs,"Danish Energy Agency, technology_data_for_el_and_dh.xlsx"
hydrogen_turbine_lifetime,2030,f,25.0,years,Hydrogen combined cycle turbine lifetime,"Danish Energy Agency, technology_data_for_el_and_dh.xlsx"
hydrogen_turbine_cost,2040,f,899.8,EUR/kW,Hydrogen combined cycle turbine capital cost (overnight),"Danish Energy Agency, technology_data_for_el_and_dh.xlsx"
hydrogen_turbine_fom,2040,f,3.3,percent of overnight cost per year,Hydrogen combined cycle turbine fixed operation and maintenance costs,"Danish Energy Agency, technology_data_for_el_and_dh.xlsx"
hydrogen_turbine_lifetime,2040,f,25.0,years,Hydrogen combined cycle turbine lifetime,"Danish Energy Agency, technology_data_for_el_and_dh.xlsx"
hydrogen_turbine_cost,2050,f,883.3,EUR/kW,Hydrogen combined cycle turbine capital cost (overnight),"Danish Energy Agency, technology_data_for_el_and_dh.xlsx"
hydrogen_turbine_fom,2050,f,3.25,percent of overnight cost per year,Hydrogen combined cycle turbine fixed operation and maintenance costs,"Danish Energy Agency, technology_data_for_el_and_dh.xlsx"
hydrogen_turbine_lifetime,2050,f,25.0,years,Hydrogen combined cycle turbine lifetime,"Danish Energy Agency, technology_data_for_el_and_dh.xlsx"
battery_energy_cost,2020,f,256.1,EUR/kWh,Utility-scale battery energy capital cost (overnight),"Danish Energy Agency, technology_data_catalogue_for_energy_storage.xlsx"
battery_energy_fom,2020,f,0,percent of overnight cost per year,Utility-scale battery energy fixed operation and maintenance costs,default
battery_energy_lifetime,2020,f,20.0,years,Utility-scale battery energy lifetime,"Danish Energy Agency, technology_data_catalogue_for_energy_storage.xlsx"
battery_energy_cost,2030,f,156.8,EUR/kWh,Utility-scale battery energy capital cost (overnight),"Danish Energy Agency, technology_data_catalogue_for_energy_storage.xlsx"
battery_energy_fom,2030,f,0,percent of overnight cost per year,Utility-scale battery energy fixed operation and maintenance costs,default
battery_energy_lifetime,2030,f,25.0,years,Utility-scale battery energy lifetime,"Danish Energy Agency, technology_data_catalogue_for_energy_storage.xlsx"
battery_energy_cost,2040,f,103.8,EUR/kWh,Utility-scale battery energy capital cost (overnight),"Danish Energy Agency, technology_data_catalogue_for_energy_storage.xlsx"
battery_energy_fom,2040,f,0,percent of overnight cost per year,Utility-scale battery energy fixed operation and maintenance costs,default
battery_energy_lifetime,2040,f,30.0,years,Utility-scale battery energy lifetime,"Danish Energy Agency, technology_data_catalogue_for_energy_storage.xlsx"
battery_energy_cost,2050,f,82.8,EUR/kWh,Utility-scale battery energy capital cost (overnight),"Danish Energy Agency, technology_data_catalogue_for_energy_storage.xlsx"
battery_energy_fom,2050,f,0,percent of overnight cost per year,Utility-scale battery energy fixed operation and maintenance costs,default
battery_energy_lifetime,2050,f,30.0,years,Utility-scale battery energy lifetime,"Danish Energy Agency, technology_data_catalogue_for_energy_storage.xlsx"
battery_power_cost,2020,f,298.1,EUR/kW,Utility-scale battery converter power capital cost (overnight),"Danish Energy Agency, technology_data_catalogue_for_energy_storage.xlsx"
battery_power_fom,2020,f,0.2,percent of overnight cost per year,Utility-scale battery converter power fixed operation and maintenance costs,"Danish Energy Agency, technology_data_catalogue_for_energy_storage.xlsx"
battery_power_lifetime,2020,f,10.0,years,Utility-scale battery converter power lifetime,"Danish Energy Agency, technology_data_catalogue_for_energy_storage.xlsx, Note K."
battery_power_cost,2030,f,176.7,EUR/kW,Utility-scale battery converter power capital cost (overnight),"Danish Energy Agency, technology_data_catalogue_for_energy_storage.xlsx"
battery_power_fom,2030,f,0.34,percent of overnight cost per year,Utility-scale battery converter power fixed operation and maintenance costs,"Danish Energy Agency, technology_data_catalogue_for_energy_storage.xlsx"
battery_power_lifetime,2030,f,10.0,years,Utility-scale battery converter power lifetime,"Danish Energy Agency, technology_data_catalogue_for_energy_storage.xlsx, Note K."
battery_power_cost,2040,f,110.4,EUR/kW,Utility-scale battery converter power capital cost (overnight),"Danish Energy Agency, technology_data_catalogue_for_energy_storage.xlsx"
battery_power_fom,2040,f,0.54,percent of overnight cost per year,Utility-scale battery converter power fixed operation and maintenance costs,"Danish Energy Agency, technology_data_catalogue_for_energy_storage.xlsx"
battery_power_lifetime,2040,f,10.0,years,Utility-scale battery converter power lifetime,"Danish Energy Agency, technology_data_catalogue_for_energy_storage.xlsx, Note K."
battery_power_cost,2050,f,66.2,EUR/kW,Utility-scale battery converter power capital cost (overnight),"Danish Energy Agency, technology_data_catalogue_for_energy_storage.xlsx"
battery_power_fom,2050,f,0.9,percent of overnight cost per year,Utility-scale battery converter power fixed operation and maintenance costs,"Danish Energy Agency, technology_data_catalogue_for_energy_storage.xlsx"
battery_power_lifetime,2050,f,10.0,years,Utility-scale battery converter power lifetime,"Danish Energy Agency, technology_data_catalogue_for_energy_storage.xlsx, Note K."
hydrogen_compressor_discount,,f,5,percent,Hydrogen storage compressor discount rate,
hydrogen_compressor_cost,2020,f,87.7,EUR/kWh_H2,Hydrogen storage compressor capital cost (overnight),"Based on Stöckl et al (2021): https://doi.org/10.48550/arXiv.2005.03464, table SI.4."
hydrogen_compressor_fom,2020,f,4.0,percent of overnight cost per year,Hydrogen storage compressor fixed operation and maintenance costs,"Based on Stöckl et al (2021): https://doi.org/10.48550/arXiv.2005.03464, table SI.4."
hydrogen_compressor_lifetime,2020,f,15.0,years,Hydrogen storage compressor lifetime,"Based on Stöckl et al (2021): https://doi.org/10.48550/arXiv.2005.03464, table SI.4."
hydrogen_compressor_cost,2030,f,87.7,EUR/kWh_H2,Hydrogen storage compressor capital cost (overnight),"Based on Stöckl et al (2021): https://doi.org/10.48550/arXiv.2005.03464, table SI.4."
hydrogen_compressor_fom,2030,f,4.0,percent of overnight cost per year,Hydrogen storage compressor fixed operation and maintenance costs,"Based on Stöckl et al (2021): https://doi.org/10.48550/arXiv.2005.03464, table SI.4."
hydrogen_compressor_lifetime,2030,f,15.0,years,Hydrogen storage compressor lifetime,"Based on Stöckl et al (2021): https://doi.org/10.48550/arXiv.2005.03464, table SI.4."
hydrogen_compressor_cost,2040,f,87.7,EUR/kWh_H2,Hydrogen storage compressor capital cost (overnight),"Based on Stöckl et al (2021): https://doi.org/10.48550/arXiv.2005.03464, table SI.4."
hydrogen_compressor_fom,2040,f,4.0,percent of overnight cost per year,Hydrogen storage compressor fixed operation and maintenance costs,"Based on Stöckl et al (2021): https://doi.org/10.48550/arXiv.2005.03464, table SI.4."
hydrogen_compressor_lifetime,2040,f,15.0,years,Hydrogen storage compressor lifetime,"Based on Stöckl et al (2021): https://doi.org/10.48550/arXiv.2005.03464, table SI.4."
hydrogen_compressor_cost,2050,f,87.7,EUR/kWh_H2,Hydrogen storage compressor capital cost (overnight),"Based on Stöckl et al (2021): https://doi.org/10.48550/arXiv.2005.03464, table SI.4."
hydrogen_compressor_fom,2050,f,4.0,percent of overnight cost per year,Hydrogen storage compressor fixed operation and maintenance costs,"Based on Stöckl et al (2021): https://doi.org/10.48550/arXiv.2005.03464, table SI.4."
hydrogen_compressor_lifetime,2050,f,15.0,years,Hydrogen storage compressor lifetime,"Based on Stöckl et al (2021): https://doi.org/10.48550/arXiv.2005.03464, table SI.4."
co2_storage_discount,,f,5,percent,CO2 storage tank discount rate,
co2_storage_cost,,f,601,EUR/t_CO2,"Liquefied (cryo) CO2 storage tank capital cost (CAPEX), original source is 589 EUR-2019, adjusted with 2% inflation to 589*1.02=601 EUR-2020/t_CO2.","Concave and Aramco (2022): E-Fuels: A techno-economic assessment of European domestic production and imports towards 2050 (Concawe Report 17/22), https://www.concawe.eu/publication/e-fuels-a-techno-economic-assessment-of-european-domestic-production-and-imports-towards-2050/ , table 82."
co2_storage_fom,,f,5,percent of overnight cost per year,CO2 storage tank fixed operation and maintenance costs,"Concave and Aramco (2022): E-Fuels: A techno-economic assessment of European domestic production and imports towards 2050 (Concawe Report 17/22), https://www.concawe.eu/publication/e-fuels-a-techno-economic-assessment-of-european-domestic-production-and-imports-towards-2050/ , table 82."
co2_storage_lifetime,,f,30,years,CO2 storage tank lifetime; taken from MeOH synthesis plant as proxy as no lifetime is specified in source.,"Concave and Aramco (2022): E-Fuels: A techno-economic assessment of European domestic production and imports towards 2050 (Concawe Report 17/22), https://www.concawe.eu/publication/e-fuels-a-techno-economic-assessment-of-european-domestic-production-and-imports-towards-2050/ , table 83."
co2_liquefaction_discount,,f,5,percent,CO2 liquefaction discount rate,
co2_liquefaction_cost,,f,142387,EUR/(t_CO2/h),"CO2 liquefaction for cryo CO2 storage, CAPEX, original source lists 48.3 MEUR-2019 / (346 t_CO2/h), inflation adjustment with 2%/p.a. to EUR-2020","Concave and Aramco (2022): E-Fuels: A techno-economic assessment of European domestic production and imports towards 2050 (Concawe Report 17/22), https://www.concawe.eu/publication/e-fuels-a-techno-economic-assessment-of-european-domestic-production-and-imports-towards-2050/ , table 82."
co2_liquefaction_fom,,f,10,percent of overnight cost per year,CO2 liquefaction fixed operation and maintenance costs,"Concave and Aramco (2022): E-Fuels: A techno-economic assessment of European domestic production and imports towards 2050 (Concawe Report 17/22), https://www.concawe.eu/publication/e-fuels-a-techno-economic-assessment-of-european-domestic-production-and-imports-towards-2050/ , table 82."
co2_liquefaction_lifetime,,f,30,years,same as CO2 storage tank,"Concave and Aramco (2022): E-Fuels: A techno-economic assessment of European domestic production and imports towards 2050 (Concawe Report 17/22), https://www.concawe.eu/publication/e-fuels-a-techno-economic-assessment-of-european-domestic-production-and-imports-towards-2050/ , table 83."
co2_liquefaction_efficiency,,f,0.106,MWh_el/t_CO2,Electricity demand for CO2 liquefaction; 0.38 MJ/kg_CO2 in original source converted to MWh_el/t_CO2.,"Concave and Aramco (2022): E-Fuels: A techno-economic assessment of European domestic production and imports towards 2050 (Concawe Report 17/22), https://www.concawe.eu/publication/e-fuels-a-techno-economic-assessment-of-european-domestic-production-and-imports-towards-2050/ , table 82."
dac_discount,,f,5,percent,Direct air capture discount rate,
dac_cost,2020,f,7728565.6,EUR/(tCO2/h),Direct air capture capital cost (overnight),"Danish Energy Agency, technology_data_for_carbon_capture_transport_storage.xlsx"
dac_fom,2020,f,4.95,percent of overnight cost per year,Direct air capture fixed operation and maintenance costs,"Danish Energy Agency, technology_data_for_carbon_capture_transport_storage.xlsx"
dac_lifetime,2020,f,20.0,years,Direct air capture lifetime,"Danish Energy Agency, technology_data_for_carbon_capture_transport_storage.xlsx"
dac_cost,2030,f,6624484.8,EUR/(tCO2/h),Direct air capture capital cost (overnight),"Danish Energy Agency, technology_data_for_carbon_capture_transport_storage.xlsx"
dac_fom,2030,f,4.95,percent of overnight cost per year,Direct air capture fixed operation and maintenance costs,"Danish Energy Agency, technology_data_for_carbon_capture_transport_storage.xlsx"
dac_lifetime,2030,f,20.0,years,Direct air capture lifetime,"Danish Energy Agency, technology_data_for_carbon_capture_transport_storage.xlsx"
dac_cost,2040,f,5520404.0,EUR/(tCO2/h),Direct air capture capital cost (overnight),"Danish Energy Agency, technology_data_for_carbon_capture_transport_storage.xlsx"
dac_fom,2040,f,4.95,percent of overnight cost per year,Direct air capture fixed operation and maintenance costs,"Danish Energy Agency, technology_data_for_carbon_capture_transport_storage.xlsx"
dac_lifetime,2040,f,20.0,years,Direct air capture lifetime,"Danish Energy Agency, technology_data_for_carbon_capture_transport_storage.xlsx"
dac_cost,2050,f,4416323.2,EUR/(tCO2/h),Direct air capture capital cost (overnight),"Danish Energy Agency, technology_data_for_carbon_capture_transport_storage.xlsx"
dac_fom,2050,f,4.95,percent of overnight cost per year,Direct air capture fixed operation and maintenance costs,"Danish Energy Agency, technology_data_for_carbon_capture_transport_storage.xlsx"
dac_lifetime,2050,f,20.0,years,Direct air capture lifetime,"Danish Energy Agency, technology_data_for_carbon_capture_transport_storage.xlsx"
heat_pump_discount,,f,5,percent,Industrial heat pump up to 125 C discount rate,
heat_pump_cost,2020,f,961.9,EUR/kW,Industrial heat pump up to 125 C capital cost (overnight),"Danish Energy Agency, technology_data_for_industrial_process_heat.xlsx"
heat_pump_fom,2020,f,0.11,percent of overnight cost per year,Industrial heat pump up to 125 C fixed operation and maintenance costs,"Danish Energy Agency, technology_data_for_industrial_process_heat.xlsx"
heat_pump_lifetime,2020,f,20.0,years,Industrial heat pump up to 125 C lifetime,"Danish Energy Agency, technology_data_for_industrial_process_heat.xlsx"
heat_pump_cost,2030,f,859.9,EUR/kW,Industrial heat pump up to 125 C capital cost (overnight),"Danish Energy Agency, technology_data_for_industrial_process_heat.xlsx"
heat_pump_fom,2030,f,0.11,percent of overnight cost per year,Industrial heat pump up to 125 C fixed operation and maintenance costs,"Danish Energy Agency, technology_data_for_industrial_process_heat.xlsx"
heat_pump_lifetime,2030,f,20.0,years,Industrial heat pump up to 125 C lifetime,"Danish Energy Agency, technology_data_for_industrial_process_heat.xlsx"
heat_pump_cost,2040,f,806.0,EUR/kW,Industrial heat pump up to 125 C capital cost (overnight),"Danish Energy Agency, technology_data_for_industrial_process_heat.xlsx"
heat_pump_fom,2040,f,0.11,percent of overnight cost per year,Industrial heat pump up to 125 C fixed operation and maintenance costs,"Danish Energy Agency, technology_data_for_industrial_process_heat.xlsx"
heat_pump_lifetime,2040,f,20.0,years,Industrial heat pump up to 125 C lifetime,"Danish Energy Agency, technology_data_for_industrial_process_heat.xlsx"
heat_pump_cost,2050,f,772.9,EUR/kW,Industrial heat pump up to 125 C capital cost (overnight),"Danish Energy Agency, technology_data_for_industrial_process_heat.xlsx"
heat_pump_fom,2050,f,0.1,percent of overnight cost per year,Industrial heat pump up to 125 C fixed operation and maintenance costs,"Danish Energy Agency, technology_data_for_industrial_process_heat.xlsx"
heat_pump_lifetime,2050,f,20.0,years,Industrial heat pump up to 125 C lifetime,"Danish Energy Agency, technology_data_for_industrial_process_heat.xlsx"
liquid_carbonaceous_storage_discount,,f,5,percent,Liquid carbonaceous fuel storage tank discount rate,
liquid_carbonaceous_storage_cost,2020,f,187.5,EUR/m^3,Liquid carbonaceous fuel storage tank capital cost (overnight),"Stelter and Nishida 2013: https://webstore.iea.org/insights-series-2013-focus-on-energy-security , pg. 8F ."
liquid_carbonaceous_storage_fom,2020,f,6.25,percent of overnight cost per year,Liquid carbonaceous fuel storage tank fixed operation and maintenance costs,"Stelter and Nishida 2013: https://webstore.iea.org/insights-series-2013-focus-on-energy-security , figure 7 and pg. 12 ."
liquid_carbonaceous_storage_lifetime,2020,f,30.0,years,Liquid carbonaceous fuel storage tank lifetime,"Stelter and Nishida 2013: https://webstore.iea.org/insights-series-2013-focus-on-energy-security , pg. 11."
liquid_carbonaceous_storage_cost,2030,f,187.5,EUR/m^3,Liquid carbonaceous fuel storage tank capital cost (overnight),"Stelter and Nishida 2013: https://webstore.iea.org/insights-series-2013-focus-on-energy-security , pg. 8F ."
liquid_carbonaceous_storage_fom,2030,f,6.25,percent of overnight cost per year,Liquid carbonaceous fuel storage tank fixed operation and maintenance costs,"Stelter and Nishida 2013: https://webstore.iea.org/insights-series-2013-focus-on-energy-security , figure 7 and pg. 12 ."
liquid_carbonaceous_storage_lifetime,2030,f,30.0,years,Liquid carbonaceous fuel storage tank lifetime,"Stelter and Nishida 2013: https://webstore.iea.org/insights-series-2013-focus-on-energy-security , pg. 11."
liquid_carbonaceous_storage_cost,2040,f,187.5,EUR/m^3,Liquid carbonaceous fuel storage tank capital cost (overnight),"Stelter and Nishida 2013: https://webstore.iea.org/insights-series-2013-focus-on-energy-security , pg. 8F ."
liquid_carbonaceous_storage_fom,2040,f,6.25,percent of overnight cost per year,Liquid carbonaceous fuel storage tank fixed operation and maintenance costs,"Stelter and Nishida 2013: https://webstore.iea.org/insights-series-2013-focus-on-energy-security , figure 7 and pg. 12 ."
liquid_carbonaceous_storage_lifetime,2040,f,30.0,years,Liquid carbonaceous fuel storage tank lifetime,"Stelter and Nishida 2013: https://webstore.iea.org/insights-series-2013-focus-on-energy-security , pg. 11."
liquid_carbonaceous_storage_cost,2050,f,187.5,EUR/m^3,Liquid carbonaceous fuel storage tank capital cost (overnight),"Stelter and Nishida 2013: https://webstore.iea.org/insights-series-2013-focus-on-energy-security , pg. 8F ."
liquid_carbonaceous_storage_fom,2050,f,6.25,percent of overnight cost per year,Liquid carbonaceous fuel storage tank fixed operation and maintenance costs,"Stelter and Nishida 2013: https://webstore.iea.org/insights-series-2013-focus-on-energy-security , figure 7 and pg. 12 ."
liquid_carbonaceous_storage_lifetime,2050,f,30.0,years,Liquid carbonaceous fuel storage tank lifetime,"Stelter and Nishida 2013: https://webstore.iea.org/insights-series-2013-focus-on-energy-security , pg. 11."
reformer_discount,,f,5,percent,Steam methanol reformer with carbon capture discount rate,
reformer_cost,2020,f,632004.2,EUR/MW_CH4,Steam methanol reformer with carbon capture capital cost (overnight),Danish Energy Agency
reformer_fom,2020,f,5.0,percent of overnight cost per year,Steam methanol reformer with carbon capture fixed operation and maintenance costs,Danish Energy Agency
reformer_lifetime,2020,f,30.0,years,Steam methanol reformer with carbon capture lifetime,"IEA Global average levelised cost of hydrogen production by energy source and technology, 2019 and 2050 (2020), https://www.iea.org/data-and-statistics/charts/global-average-levelised-cost-of-hydrogen-production-by-energy-source-and-technology-2019-and-2050"
reformer_cost,2030,f,632004.2,EUR/MW_CH4,Steam methanol reformer with carbon capture capital cost (overnight),Danish Energy Agency
reformer_fom,2030,f,5.0,percent of overnight cost per year,Steam methanol reformer with carbon capture fixed operation and maintenance costs,Danish Energy Agency
reformer_lifetime,2030,f,30.0,years,Steam methanol reformer with carbon capture lifetime,"IEA Global average levelised cost of hydrogen production by energy source and technology, 2019 and 2050 (2020), https://www.iea.org/data-and-statistics/charts/global-average-levelised-cost-of-hydrogen-production-by-energy-source-and-technology-2019-and-2050"
reformer_cost,2040,f,632004.2,EUR/MW_CH4,Steam methanol reformer with carbon capture capital cost (overnight),Danish Energy Agency
reformer_fom,2040,f,5.0,percent of overnight cost per year,Steam methanol reformer with carbon capture fixed operation and maintenance costs,Danish Energy Agency
reformer_lifetime,2040,f,30.0,years,Steam methanol reformer with carbon capture lifetime,"IEA Global average levelised cost of hydrogen production by energy source and technology, 2019 and 2050 (2020), https://www.iea.org/data-and-statistics/charts/global-average-levelised-cost-of-hydrogen-production-by-energy-source-and-technology-2019-and-2050"
reformer_cost,2050,f,632004.2,EUR/MW_CH4,Steam methanol reformer with carbon capture capital cost (overnight),Danish Energy Agency
reformer_fom,2050,f,5.0,percent of overnight cost per year,Steam methanol reformer with carbon capture fixed operation and maintenance costs,Danish Energy Agency
reformer_lifetime,2050,f,30.0,years,Steam methanol reformer with carbon capture lifetime,"IEA Global average levelised cost of hydrogen production by energy source and technology, 2019 and 2050 (2020), https://www.iea.org/data-and-statistics/charts/global-average-levelised-cost-of-hydrogen-production-by-energy-source-and-technology-2019-and-2050"
methanolisation_discount,,f,5,percent,Methanol synthesis discount rate,
methanolisation_cost,2020,f,836231.9,EUR/MW_MeOH,Methanol synthesis capital cost (overnight),"Agora Energiewende (2018): The Future Cost of Electricity-Based Synthetic Fuels (https://www.agora-energiewende.de/en/publications/the-future-cost-of-electricity-based-synthetic-fuels-1/), table 8: “Reference scenario”."
methanolisation_fom,2020,f,3.0,percent of overnight cost per year,Methanol synthesis fixed operation and maintenance costs,"Agora Energiewende (2018): The Future Cost of Electricity-Based Synthetic Fuels (https://www.agora-energiewende.de/en/publications/the-future-cost-of-electricity-based-synthetic-fuels-1/), section 6.3.2.1."
methanolisation_lifetime,2020,f,20.0,years,Methanol synthesis lifetime,"Danish Energy Agency, Technology Data for Renewable Fuels (04/2022), Data sheet “Methanol to Power”."
methanolisation_cost,2030,f,718437.8,EUR/MW_MeOH,Methanol synthesis capital cost (overnight),"Agora Energiewende (2018): The Future Cost of Electricity-Based Synthetic Fuels (https://www.agora-energiewende.de/en/publications/the-future-cost-of-electricity-based-synthetic-fuels-1/), table 8: “Reference scenario”."
methanolisation_fom,2030,f,3.0,percent of overnight cost per year,Methanol synthesis fixed operation and maintenance costs,"Agora Energiewende (2018): The Future Cost of Electricity-Based Synthetic Fuels (https://www.agora-energiewende.de/en/publications/the-future-cost-of-electricity-based-synthetic-fuels-1/), section 6.3.2.1."
methanolisation_lifetime,2030,f,20.0,years,Methanol synthesis lifetime,"Danish Energy Agency, Technology Data for Renewable Fuels (04/2022), Data sheet “Methanol to Power”."
methanolisation_cost,2040,f,624520.9,EUR/MW_MeOH,Methanol synthesis capital cost (overnight),"Agora Energiewende (2018): The Future Cost of Electricity-Based Synthetic Fuels (https://www.agora-energiewende.de/en/publications/the-future-cost-of-electricity-based-synthetic-fuels-1/), table 8: “Reference scenario”."
methanolisation_fom,2040,f,3.0,percent of overnight cost per year,Methanol synthesis fixed operation and maintenance costs,"Agora Energiewende (2018): The Future Cost of Electricity-Based Synthetic Fuels (https://www.agora-energiewende.de/en/publications/the-future-cost-of-electricity-based-synthetic-fuels-1/), section 6.3.2.1."
methanolisation_lifetime,2040,f,20.0,years,Methanol synthesis lifetime,"Danish Energy Agency, Technology Data for Renewable Fuels (04/2022), Data sheet “Methanol to Power”."
methanolisation_cost,2050,f,530604.0,EUR/MW_MeOH,Methanol synthesis capital cost (overnight),"Agora Energiewende (2018): The Future Cost of Electricity-Based Synthetic Fuels (https://www.agora-energiewende.de/en/publications/the-future-cost-of-electricity-based-synthetic-fuels-1/), table 8: “Reference scenario”."
methanolisation_fom,2050,f,3.0,percent of overnight cost per year,Methanol synthesis fixed operation and maintenance costs,"Agora Energiewende (2018): The Future Cost of Electricity-Based Synthetic Fuels (https://www.agora-energiewende.de/en/publications/the-future-cost-of-electricity-based-synthetic-fuels-1/), section 6.3.2.1."
methanolisation_lifetime,2050,f,20.0,years,Methanol synthesis lifetime,"Danish Energy Agency, Technology Data for Renewable Fuels (04/2022), Data sheet “Methanol to Power”."
reformer_capture_rate,2020,f,0.9,EUR/MW_CH4,reformer capture rate,"IEA Global average levelised cost of hydrogen production by energy source and technology, 2019 and 2050 (2020), https://www.iea.org/data-and-statistics/charts/global-average-levelised-cost-of-hydrogen-production-by-energy-source-and-technology-2019-and-2050"
reformer_capture_rate,2030,f,0.9,EUR/MW_CH4,reformer capture rate,"IEA Global average levelised cost of hydrogen production by energy source and technology, 2019 and 2050 (2020), https://www.iea.org/data-and-statistics/charts/global-average-levelised-cost-of-hydrogen-production-by-energy-source-and-technology-2019-and-2050"
reformer_capture_rate,2040,f,0.9,EUR/MW_CH4,reformer capture rate,"IEA Global average levelised cost of hydrogen production by energy source and technology, 2019 and 2050 (2020), https://www.iea.org/data-and-statistics/charts/global-average-levelised-cost-of-hydrogen-production-by-energy-source-and-technology-2019-and-2050"
reformer_capture_rate,2050,f,0.9,EUR/MW_CH4,reformer capture rate,"IEA Global average levelised cost of hydrogen production by energy source and technology, 2019 and 2050 (2020), https://www.iea.org/data-and-statistics/charts/global-average-levelised-cost-of-hydrogen-production-by-energy-source-and-technology-2019-and-2050"
battery_power_efficiency_charging,2020,f,97.46794344808963,percent,Battery power charging efficiency,"Danish Energy Agency, technology_data_catalogue_for_energy_storage.xlsx"
battery_power_efficiency_charging,2030,f,97.97958971132712,percent,Battery power charging efficiency,"Danish Energy Agency, technology_data_catalogue_for_energy_storage.xlsx"
battery_power_efficiency_charging,2040,f,97.97958971132712,percent,Battery power charging efficiency,"Danish Energy Agency, technology_data_catalogue_for_energy_storage.xlsx"
battery_power_efficiency_charging,2050,f,97.97958971132712,percent,Battery power charging efficiency,"Danish Energy Agency, technology_data_catalogue_for_energy_storage.xlsx"
battery_power_efficiency_discharging,2020,f,97.46794344808963,percent,Battery power discharging efficiency,"Danish Energy Agency, technology_data_catalogue_for_energy_storage.xlsx"
battery_power_efficiency_discharging,2030,f,97.97958971132712,percent,Battery power discharging efficiency,"Danish Energy Agency, technology_data_catalogue_for_energy_storage.xlsx"
battery_power_efficiency_discharging,2040,f,97.97958971132712,percent,Battery power discharging efficiency,"Danish Energy Agency, technology_data_catalogue_for_energy_storage.xlsx"
battery_power_efficiency_discharging,2050,f,97.97958971132712,percent,Battery power discharging efficiency,"Danish Energy Agency, technology_data_catalogue_for_energy_storage.xlsx"
heat_pump_efficiency,2020,f,254.99999999999997,percent,Industrial heat pump COP,"Danish Energy Agency, technology_data_for_industrial_process_heat.xlsx"
heat_pump_efficiency,2030,f,270.0,percent,Industrial heat pump COP,"Danish Energy Agency, technology_data_for_industrial_process_heat.xlsx"
heat_pump_efficiency,2040,f,280.0,percent,Industrial heat pump COP,"Danish Energy Agency, technology_data_for_industrial_process_heat.xlsx"
heat_pump_efficiency,2050,f,285.0,percent,Industrial heat pump COP,"Danish Energy Agency, technology_data_for_industrial_process_heat.xlsx"
reformer_efficiency,2020,f,69.0,percent,Steam methane reformer with carbon capture,"IEA Global average levelised cost of hydrogen production by energy source and technology, 2019 and 2050 (2020), https://www.iea.org/data-and-statistics/charts/global-average-levelised-cost-of-hydrogen-production-by-energy-source-and-technology-2019-and-2050"
reformer_efficiency,2030,f,69.0,percent,Steam methane reformer with carbon capture,"IEA Global average levelised cost of hydrogen production by energy source and technology, 2019 and 2050 (2020), https://www.iea.org/data-and-statistics/charts/global-average-levelised-cost-of-hydrogen-production-by-energy-source-and-technology-2019-and-2050"
reformer_efficiency,2040,f,69.0,percent,Steam methane reformer with carbon capture,"IEA Global average levelised cost of hydrogen production by energy source and technology, 2019 and 2050 (2020), https://www.iea.org/data-and-statistics/charts/global-average-levelised-cost-of-hydrogen-production-by-energy-source-and-technology-2019-and-2050"
reformer_efficiency,2050,f,69.0,percent,Steam methane reformer with carbon capture,"IEA Global average levelised cost of hydrogen production by energy source and technology, 2019 and 2050 (2020), https://www.iea.org/data-and-statistics/charts/global-average-levelised-cost-of-hydrogen-production-by-energy-source-and-technology-2019-and-2050"
hydrogen_electrolyser_efficiency,2020,f,66.0,"""percent, LHV""",Hydrogen electrolyser efficiency,"Danish Energy Agency, data_sheets_for_renewable_fuels.xlsx"
hydrogen_electrolyser_efficiency,2030,f,68.0,"""percent, LHV""",Hydrogen electrolyser efficiency,"Danish Energy Agency, data_sheets_for_renewable_fuels.xlsx"
hydrogen_electrolyser_efficiency,2040,f,72.0,"""percent, LHV""",Hydrogen electrolyser efficiency,"Danish Energy Agency, data_sheets_for_renewable_fuels.xlsx"
hydrogen_electrolyser_efficiency,2050,f,75.0,"""percent, LHV""",Hydrogen electrolyser efficiency,"Danish Energy Agency, data_sheets_for_renewable_fuels.xlsx"
hydrogen_turbine_efficiency,2020,f,56.00000000000001,"""percent, LHV""",Hydrogen combined cycle turbine efficiency,"Danish Energy Agency, technology_data_for_el_and_dh.xlsx"
hydrogen_turbine_efficiency,2030,f,57.99999999999999,"""percent, LHV""",Hydrogen combined cycle turbine efficiency,"Danish Energy Agency, technology_data_for_el_and_dh.xlsx"
hydrogen_turbine_efficiency,2040,f,59.0,"""percent, LHV""",Hydrogen combined cycle turbine efficiency,"Danish Energy Agency, technology_data_for_el_and_dh.xlsx"
hydrogen_turbine_efficiency,2050,f,60.0,"""percent, LHV""",Hydrogen combined cycle turbine efficiency,"Danish Energy Agency, technology_data_for_el_and_dh.xlsx"
hydrogen_electrolyser_water,,f,0.27000027000027,m3-H2O/MWh-H2-LHV,Hydrogen electrolyser water input,-
desalination_electricity,,f,0.003,MWh-el/m3-H2O,Seawater desalination electricity input,"Caldera et al 2016: Local cost of seawater RO desalination based on solar PV and windenergy: A global estimate. (https://doi.org/10.1016/j.desal.2016.02.004), Fig. 4."
hydrogen_compressor_electricity,,f,0.12000012000011999,MWhel/MWh-H2-LHV,Hydrogen storage compressor electricity input,"DEA technology data for energy storage, pg. 82 ."
methanolisation_efficiency,,f,0.8787469104929423,MWh-MeOH-LHV/MWh-H2-LHV,Methanol synthesis efficiency wrt hydrogen,"DECHEMA 2017: DECHEMA: Low carbon energy and feedstock for the European chemical industry , pg. 64."
methanolisation_co2,,f,0.24800852585755315,tCO2/MWh-MeOH-LHV,Methanol synthesis carbon dioxide input,"DECHEMA 2017: DECHEMA: Low carbon energy and feedstock for the European chemical industry , pg. 66."
methanolisation_electricity,,f,0.2709488629179386,MWhel/MWh-MeOH-LHV,Methanol synthesis electricity input incl. distillation,"DECHEMA 2017: DECHEMA: Low carbon energy and feedstock for the European chemical industry , pg. 65."
dac_electricity,,f,0.28,MWh/tCO2,Direct air capture electricity consumption,"Danish Energy Agency, technology_data_for_carbon_capture_transport_storage.xlsx"
dac_heat,,f,1.5,MWh/tCO2,Direct air capture heat consumption,"Danish Energy Agency, technology_data_for_carbon_capture_transport_storage.xlsx"
air_separation_unit_cost,2030,f,1100000,EUR/(t_O2/h),"0.8 MEUR-2020/(t_CO2 output/h) = 1.1 MEUR-2020/(t_O2/h) from Excel ""Specific investment optional O2 plant (ASU)"" of technology ""402.a Oxy-fuel - Large Biomass""","Danish Energy Agency. (2021). Technology Data for Carbon Capture, Transport and Storage."
air_separation_unit_fom,2030,f,3,percent of overnight cost per year,"from Excel ""Specific investment optional O2 plant (ASU)"" of technology ""402.a Oxy-fuel - Large Biomass""","Danish Energy Agency. (2021). Technology Data for Carbon Capture, Transport and Storage."
air_separation_unit_lifetime,2030,f,25,years,"from Excel ""Specific investment optional O2 plant (ASU)"" of technology ""402.a Oxy-fuel - Large Biomass""","Danish Energy Agency. (2021). Technology Data for Carbon Capture, Transport and Storage."
air_separation_unit_efficiency,2030,f,3.83,tO2/MWh_el,"from Excel ""Specific investment optional O2 plant (ASU)"" of technology ""402.a Oxy-fuel - Large Biomass""","Danish Energy Agency. (2021). Technology Data for Carbon Capture, Transport and Storage."
air_separation_unit_discount,,f,5.0,percent,Air separation unit discount rate,
oxygen_storage_liquefaction_efficiency,,f,0.291,MWh_el/t_O2(l),Electricity demand for oxygen liquefaction.,"[^mitchell2019]: Mitchell, C., Avagyan, V., Chalmers, H., & Lucquiaud, M. (2019). An initial assessment of the value of Allam Cycle power plants with liquid oxygen storage in future GB electricity system. International Journal of Greenhouse Gas Control, 87, 1–18. https://doi.org/10.1016/j.ijggc.2019.04.020"
oxygen_storage_cost,,f,400,EUR/t_O2,"Estimate, based on a value from [^hu2013], which states 320 EUR-2012/m3 incl. installation but based on a single supply quote for 2500 m3 tank installation; 320 EUR/m3 / 1,142 t/m3_O2(l) * (1,03 inflation per year)^(8 years) = 355 EUR-2020/t_O2(l); to be on safe side, assume here 400 EUR-2020/t. [^hanak2017] also suggest a scaling factor of 0.6 which we neglect here, so value here might be significantly overestimating (3-4x) for large storage tanks >10kt O2 (l) storing capacity.","[^hanak2017]: Hanak, D. P., Powell, D., & Manovic, V. (2017). Techno-economic analysis of oxy-combustion coal-fired power plant with cryogenic oxygen storage. Applied Energy, 191, 193–203. https://doi.org/10.1016/j.apenergy.2017.01.049 , [^hu2013]: Hu, Y., Li, X., Li, H., & Yan, J. (2013). Peak and off-peak operations of the air separation unit in oxy-coal combustion power generation systems. Applied Energy, 112, 747–754. https://doi.org/10.1016/j.apenergy.2012.12.001"
oxygen_storage_fom,2030,f,1,percent of overnight cost per year,"Guesstimate, based on CO2 storage",
oxygen_storage_lifetime,2030,f,25,years,"Guesstimate, based on CO2 storage",
oxygen_storage_discount,,f,5.0,percent,Oxygen storage discount rate,
oxygen_storage_standing_loss,,f,0.05,percent/day,"Daily cryogenic evaporation losses from oxygen storage, suggested 0.05-0.1%/d by Teichgraeber, H., Brodrick, P. G., & Brandt, A. R. (2017). Optimal design and operations of a flexible oxyfuel natural gas plant. Energy, 141, 506–518. https://doi.org/10.1016/j.energy.2017.09.087",
allam_cycle_cost,2030,f,1943,EUR/kW,"Assume 2x costs of hydrogen_turbine based on [^mitchell2019], where CCGT is reported 556 gbp/kW, allam 1430 gbp with ASU and w/o ASU 1145.7 gbp, i.e. 2x as expensive as CCGT without the ASU costs.","[^mitchell2019]: Mitchell, C., Avagyan, V., Chalmers, H., & Lucquiaud, M. (2019). An initial assessment of the value of Allam Cycle power plants with liquid oxygen storage in future GB electricity system. International Journal of Greenhouse Gas Control, 87, 1–18. https://doi.org/10.1016/j.ijggc.2019.04.020"
allam_cycle_fom,2030,f,3.85,percent of overnight cost per year,,"[^mitchell2019]: Mitchell, C., Avagyan, V., Chalmers, H., & Lucquiaud, M. (2019). An initial assessment of the value of Allam Cycle power plants with liquid oxygen storage in future GB electricity system. International Journal of Greenhouse Gas Control, 87, 1–18. https://doi.org/10.1016/j.ijggc.2019.04.020"
allam_cycle_lifetime,2030,f,25.0,years,"TODO, currently lifetime of hydrogen_turbine",
allam_cycle_efficiency,2030,f,66,"""percent, LHV""",,"[^mitchell2019]: Mitchell, C., Avagyan, V., Chalmers, H., & Lucquiaud, M. (2019). An initial assessment of the value of Allam Cycle power plants with liquid oxygen storage in future GB electricity system. International Journal of Greenhouse Gas Control, 87, 1–18. https://doi.org/10.1016/j.ijggc.2019.04.020"
allam_cycle_o2,2030,f,0.27,t_O2/MWh_MeOH_LHV,"5.54 MWh/t_MeOH (LHV); 1.5 t_O2/t_MeOH required when assuming perfect combustion: 2 CH3OH + 2 O2 -> 2 CO2 + 4 H2O, with molar weight of CH3OH and O2 being identical, i.e. 1.5x the amount of MeOH is required as O2.",calculated.
allam_cycle_co2_capture_efficiency,2030,f,98,percent,,"[^mitchell2019]: Mitchell, C., Avagyan, V., Chalmers, H., & Lucquiaud, M. (2019). An initial assessment of the value of Allam Cycle power plants with liquid oxygen storage in future GB electricity system. International Journal of Greenhouse Gas Control, 87, 1–18. https://doi.org/10.1016/j.ijggc.2019.04.020"
allam_cycle_discount,,f,5.0,percent,Allam Cycle turbine discount rate,
